Date,Year,Month,AttendanceRate,EnrolmentIndex
2015-01-01,2015,1,87.03,99.0
2015-02-01,2015,2,86.95,97.9
2015-03-01,2015,3,88.01,103.2
2015-04-01,2015,4,89.21,101.7
2015-05-01,2015,5,88.98,102.3
2015-06-01,2015,6,89.29,102.1
2015-07-01,2015,7,90.86,102.4
2015-08-01,2015,8,88.63,100.4
2015-09-01,2015,9,89.64,103.2
2015-10-01,2015,10,88.35,103.2
2015-11-01,2015,11,87.35,102.2
2015-12-01,2015,12,87.23,102.5
2016-01-01,2016,1,86.06,103.0
2016-02-01,2016,2,86.7,102.3
2016-03-01,2016,3,88.24,101.6
2016-04-01,2016,4,89.56,104.4
2016-05-01,2016,5,90.74,105.6
2016-06-01,2016,6,89.59,102.9
2016-07-01,2016,7,89.31,105.6
2016-08-01,2016,8,88.98,104.3
2016-09-01,2016,9,90.11,105.6
2016-10-01,2016,10,90.26,105.8
2016-11-01,2016,11,88.18,103.4
2016-12-01,2016,12,86.4,104.7
2017-01-01,2017,1,86.56,105.6
2017-02-01,2017,2,86.7,106.5
2017-03-01,2017,3,88.34,106.5
2017-04-01,2017,4,89.98,105.1
2017-05-01,2017,5,90.21,106.7
2017-06-01,2017,6,,106.6
2017-07-01,2017,7,89.23,107.0
2017-08-01,2017,8,88.52,107.9
2017-09-01,2017,9,90.51,106.1
2017-10-01,2017,10,90.18,108.1
2017-11-01,2017,11,90.61,107.7
2017-12-01,2017,12,87.18,105.9
2018-01-01,2018,1,88.05,108.3
2018-02-01,2018,2,87.31,106.9
2018-03-01,2018,3,88.32,108.2
2018-04-01,2018,4,88.59,105.9
2018-05-01,2018,5,89.95,110.4
2018-06-01,2018,6,91.56,109.2
2018-07-01,2018,7,90.44,109.2
2018-08-01,2018,8,90.24,111.0
2018-09-01,2018,9,90.76,108.1
2018-10-01,2018,10,91.09,111.1
2018-11-01,2018,11,88.78,111.0
2018-12-01,2018,12,88.62,107.4
2019-01-01,2019,1,88.87,110.0
2019-02-01,2019,2,88.29,109.8
2019-03-01,2019,3,88.43,109.6
2019-04-01,2019,4,91.59,110.0
2019-05-01,2019,5,90.23,112.6
2019-06-01,2019,6,90.77,113.4
2019-07-01,2019,7,90.57,111.0
2019-08-01,2019,8,90.36,110.9
2019-09-01,2019,9,91.93,113.8
2019-10-01,2019,10,91.13,115.5
2019-11-01,2019,11,89.31,110.8
2019-12-01,2019,12,88.2,110.6
2020-01-01,2020,1,88.63,111.2
2020-02-01,2020,2,89.95,111.7
2020-03-01,2020,3,88.84,114.7
2020-04-01,2020,4,,112.9
2020-05-01,2020,5,87.65,116.9
2020-06-01,2020,6,87.77,115.3
2020-07-01,2020,7,86.45,116.0
2020-08-01,2020,8,85.93,115.3
2020-09-01,2020,9,87.87,114.4
2020-10-01,2020,10,88.97,113.9
2020-11-01,2020,11,89.08,116.2
2020-12-01,2020,12,86.75,116.3
2021-01-01,2021,1,87.89,115.5
2021-02-01,2021,2,86.49,115.5
2021-03-01,2021,3,87.51,116.2
2021-04-01,2021,4,89.67,116.9
2021-05-01,2021,5,92.02,115.6
2021-06-01,2021,6,91.22,117.5
2021-07-01,2021,7,90.91,117.5
2021-08-01,2021,8,91.05,115.3
2021-09-01,2021,9,93.35,115.1
2021-10-01,2021,10,90.84,117.8
2021-11-01,2021,11,91.15,115.5
2021-12-01,2021,12,89.4,114.9
2022-01-01,2022,1,88.74,115.7
2022-02-01,2022,2,88.64,118.4
2022-03-01,2022,3,89.41,118.7
2022-04-01,2022,4,91.37,119.4
2022-05-01,2022,5,91.95,121.7
2022-06-01,2022,6,91.7,120.7
2022-07-01,2022,7,91.12,121.9
2022-08-01,2022,8,89.82,120.1
2022-09-01,2022,9,92.72,122.0
2022-10-01,2022,10,92.17,122.5
2022-11-01,2022,11,,122.7
2022-12-01,2022,12,89.78,119.9
2023-01-01,2023,1,88.7,118.9
2023-02-01,2023,2,90.93,120.8
2023-03-01,2023,3,90.03,122.9
2023-04-01,2023,4,92.06,123.7
2023-05-01,2023,5,91.91,122.5
2023-06-01,2023,6,91.74,123.1
2023-07-01,2023,7,91.7,124.6
2023-08-01,2023,8,91.46,122.7
2023-09-01,2023,9,93.57,124.2
2023-10-01,2023,10,92.26,124.4
2023-11-01,2023,11,88.81,122.8
2023-12-01,2023,12,90.2,121.9
2024-01-01,2024,1,87.93,125.7
2024-02-01,2024,2,91.5,122.8
2024-03-01,2024,3,91.23,122.8
2024-04-01,2024,4,92.11,124.3
2024-05-01,2024,5,93.23,125.2
2024-06-01,2024,6,92.66,125.7
2024-07-01,2024,7,92.31,125.0
2024-08-01,2024,8,91.15,125.8
2024-09-01,2024,9,93.23,128.0
2024-10-01,2024,10,92.43,125.6
2024-11-01,2024,11,91.36,125.8
2024-12-01,2024,12,87.7,127.1
