"StudentID","School","Region","Gender","Method","StudyHours","Attendance","Motivation","Pretest","Posttest"
"S001","Karaganda No.9","Rural","Male","Flipped",5.5,98.4,2.85,49.3,60.9
"S002","Almaty No.45","Urban","Female","Flipped",5.4,84.7,2.45,59.4,65.6
"S003","Almaty No.12","Urban","Female","Blended",3.6,96.1,2.04,48.2,72.7
"S004","Astana No.21","Urban","Male","Traditional",6.9,84.8,3.11,63.1,92.8
"S005","Astana No.7","Urban","Female","Flipped",7.2,82,4.16,30.9,59.9
"S006","Astana No.7","Rural","Female","Flipped",4.3,82.5,3.77,48.8,58.8
"S007","Almaty No.12","Urban","Male","Flipped",1.8,97.8,3.04,40.8,66.2
"S008","Astana No.7","Urban","Male","Traditional",9.5,96.2,3.31,49.3,85.6
"S009","Astana No.21","Urban","Female","Blended",4.5,92.2,3.55,47.1,52
"S010","Astana No.7","Urban","Female","Traditional",6.7,81.9,3.25,68.6,80.6
"S011","Shymkent No.3","Rural","Male","Flipped",4.2,92.8,3.38,57,80.1
"S012","Shymkent No.3","Rural","Male","Traditional",4.4,81.5,4.35,60.5,70
"S013","Shymkent No.3","Rural","Male","Flipped",7.8,91.8,3.38,47.6,63
"S014","Karaganda No.9","Rural","Female","Flipped",5.2,84.7,2.35,50.9,67.3
"S015","Shymkent No.3","Rural","Female","Blended",7.4,84.6,4.62,57.5,67.5
"S016","Almaty No.45","Rural","Female","Flipped",7.5,84.9,3.38,47,56.7
"S017","Karaganda No.9","Rural","Female","Traditional",4.8,75.6,3.01,47.1,58.8
"S018","Astana No.21","Rural","Male","Flipped",6.5,77.5,2.36,60,68.5
"S019","Almaty No.12","Rural","Female","Blended",7.4,87.1,3.93,52.9,73.5
"S020","Almaty No.45","Urban","Female","Flipped",8.4,81.6,4.24,55,72.9
"S021","Almaty No.12","Urban","Female","Traditional",5.3,92.9,3.34,65.7,83.8
"S022","Karaganda No.9","Rural","Male","Flipped",5.9,95,3.92,40.6,57.3
"S023","Shymkent No.3","Rural","Female","Traditional",4,78.6,2.77,56.2,60.1
"S024","Karaganda No.9","Rural","Male","Flipped",7.4,79,4.3,47.8,55.7
"S025","Almaty No.45","Urban","Female","Traditional",6.1,87,3.76,60.3,77.6
"S026","Astana No.21","Rural","Male","Blended",3.2,99.7,3.96,58.4,68.7
"S027","Astana No.21","Urban","Male","Flipped",5.2,83.3,2.17,68.3,77.8
"S028","Shymkent No.3","Urban","Male","Blended",5.7,91,2.49,41.6,66.3
"S029","Almaty No.12","Urban","Female","Blended",5.9,78,3.64,65.1,82.9
"S030","Astana No.21","Urban","Male","Flipped",4.5,82.5,3.3,54.5,88.3
"S031","Astana No.21","Urban","Female","Blended",2.6,90.8,2.27,57.8,74.6
"S032","Shymkent No.3","Rural","Female","Blended",6.1,86.5,3.36,47.5,64.3
"S033","Astana No.21","Urban","Female","Traditional",5.1,90.9,3.72,50.4,55.6
"S034","Astana No.7","Urban","Female","Traditional",7.7,88.6,4.22,53,65.7
"S035","Astana No.7","Urban","Female","Blended",5.7,87.8,3.41,61.1,88.8
"S036","Astana No.7","Urban","Male","Flipped",7.6,87.7,3.57,62.3,80.3
"S037","Almaty No.12","Urban","Female","Blended",3.5,96.1,3.23,72.8,98.6
"S038","Almaty No.45","Rural","Female","Traditional",6.7,87.5,3.36,42,43.7
"S039","Almaty No.12","Urban","Male","Traditional",7.4,93,4.64,53.5,68.5
"S040","Almaty No.45","Urban","Female","Blended",7.4,86.3,3.24,54.2,74.1
"S041","Karaganda No.9","Urban","Male","Traditional",5.9,88.4,3.22,61.5,66.3
"S042","Astana No.21","Urban","Male","Flipped",4.1,81.4,2.93,39.8,55
"S043","Almaty No.12","Urban","Male","Traditional",9.2,75.2,4.68,60.8,75.9
"S044","Astana No.7","Urban","Male","Flipped",5.5,85.3,2.91,48.6,73.3
"S045","Almaty No.45","Urban","Male","Flipped",3.5,88.4,3.48,35.7,59.2
"S046","Astana No.21","Urban","Male","Blended",5.5,84.9,3.19,70.1,91.1
"S047","Shymkent No.3","Rural","Male","Blended",6.6,91,3.11,46.6,80.9
"S048","Almaty No.12","Rural","Female","Blended",4.5,83,1.84,53.2,69.8
"S049","Astana No.7","Urban","Female","Traditional",6.8,79.4,3.36,52.4,72.7
"S050","Astana No.7","Urban","Female","Traditional",7.7,78.9,4.54,45.9,58
"S051","Karaganda No.9","Rural","Male","Blended",5.9,91.7,2.86,49.2,61.6
"S052","Astana No.7","Urban","Female","Blended",8,82.8,1.81,51.3,58.9
"S053","Almaty No.12","Urban","Male","Flipped",5.7,87.8,3.43,53.9,77.9
"S054","Almaty No.45","Urban","Female","Flipped",5,79.2,2.43,56.9,64.9
"S055","Astana No.7","Urban","Female","Flipped",9.1,82.5,2.65,56.2,85.5
"S056","Astana No.21","Urban","Female","Blended",7.2,87.5,3.14,57.5,72.1
"S057","Almaty No.45","Rural","Female","Blended",6.2,94.1,2.5,40.7,60.2
"S058","Astana No.7","Urban","Female","Flipped",2.4,81.2,3.4,64.8,82.5
"S059","Astana No.21","Urban","Female","Blended",3.2,78.9,3.01,63,63.3
"S060","Almaty No.45","Urban","Male","Flipped",2.6,87.5,3.17,56.6,66.5
"S061","Karaganda No.9","Rural","Female","Blended",5.9,88.5,2.87,48.4,68.8
"S062","Almaty No.45","Urban","Female","Blended",5.9,85,3.19,45.1,69
"S063","Karaganda No.9","Rural","Male","Flipped",6.8,94.9,3.04,63.4,88.7
"S064","Karaganda No.9","Rural","Female","Flipped",8,77.2,3.7,53.2,68.8
"S065","Karaganda No.9","Urban","Male","Blended",2.9,82.6,1.48,49.4,60.2
"S066","Shymkent No.3","Rural","Male","Flipped",3.3,87.5,2.84,45.4,71.1
"S067","Astana No.21","Urban","Female","Flipped",4.1,82.3,3.6,55,74.6
"S068","Astana No.21","Urban","Male","Blended",6.9,89.5,4.38,56.7,80.7
"S069","Almaty No.45","Urban","Male","Flipped",6.5,87.5,3.81,46.1,69
"S070","Astana No.7","Rural","Female","Traditional",3.9,86,3.03,51,47.9
"S071","Astana No.7","Urban","Male","Blended",4.6,100,2.01,49.4,71
"S072","Karaganda No.9","Rural","Male","Flipped",6.7,81.6,3.43,47.9,73.8
"S073","Shymkent No.3","Rural","Male","Traditional",6.1,85.9,2.07,41.9,62.3
"S074","Astana No.21","Urban","Male","Flipped",8,90.5,2.98,44.9,66.5
"S075","Astana No.21","Urban","Female","Flipped",4.3,83,2.88,53.4,65.4
"S076","Astana No.7","Urban","Male","Flipped",5.7,88.3,3.03,39.2,44.4
"S077","Astana No.7","Urban","Male","Traditional",4,92.6,3.48,45.8,61.9
"S078","Karaganda No.9","Rural","Male","Traditional",8.2,88.8,3.38,50.8,71.6
"S079","Almaty No.12","Urban","Female","Blended",8,92,2.76,47.6,65.8
"S080","Almaty No.45","Urban","Male","Blended",6.9,85.3,3.07,53.4,69.7
"S081","Astana No.7","Rural","Male","Blended",7.9,85.9,3.04,50,66.4
"S082","Shymkent No.3","Rural","Male","Traditional",8.7,99.1,4.26,53.5,83.7
"S083","Astana No.7","Urban","Female","Blended",8.9,90.4,2.75,55.9,84.5
"S084","Almaty No.45","Urban","Male","Blended",9.3,93.3,3.41,30.8,66.9
"S085","Almaty No.12","Urban","Male","Blended",4.5,83.6,3.58,51.4,65.7
"S086","Almaty No.45","Urban","Female","Blended",4.4,86.2,2.49,40.8,56.1
"S087","Almaty No.12","Urban","Male","Blended",8.5,94.5,3.82,57.9,87.8
"S088","Shymkent No.3","Rural","Female","Traditional",5.1,88.1,3.13,38.1,39.7
"S089","Astana No.7","Urban","Male","Flipped",2.5,80.1,2.53,56.5,75.6
"S090","Almaty No.45","Urban","Male","Flipped",5.1,82.1,2.05,49.4,59.7
"S091","Astana No.21","Urban","Male","Blended",8,87.1,3.53,53.2,82.9
"S092","Astana No.7","Urban","Male","Flipped",5.1,97,2.79,59.9,85.4
"S093","Astana No.7","Urban","Male","Traditional",7.5,90.8,3.61,51,60.4
"S094","Astana No.21","Urban","Female","Blended",6.6,83,2.44,51.9,75.4
"S095","Astana No.21","Rural","Male","Blended",3.3,87.5,3.17,55.4,56.9
"S096","Almaty No.45","Rural","Male","Flipped",6.9,88,3.75,46.8,58.3
"S097","Almaty No.12","Urban","Female","Traditional",6,77.5,4.08,47.4,59.2
"S098","Shymkent No.3","Urban","Female","Traditional",4.9,87.4,2.79,45.1,55.8
"S099","Karaganda No.9","Urban","Female","Flipped",3.1,85.5,2.42,63.2,87.6
"S100","Astana No.21","Urban","Male","Traditional",9.2,86.7,4.22,53.1,87.8
"S101","Astana No.7","Urban","Male","Traditional",4.2,82.2,2.35,63.7,73.9
"S102","Astana No.21","Rural","Female","Flipped",1.9,89.8,2.15,53.7,68.9
"S103","Almaty No.12","Rural","Female","Traditional",7.7,87.4,3.28,45,62.1
"S104","Astana No.7","Urban","Male","Flipped",5.1,83,2.43,62.5,71.9
"S105","Astana No.7","Urban","Male","Blended",8.4,98.7,4.43,56,84.2
"S106","Astana No.7","Urban","Male","Flipped",5.8,85.4,3.78,45.6,50.4
"S107","Shymkent No.3","Rural","Male","Flipped",6,79.4,3.23,50.5,64.5
"S108","Astana No.7","Urban","Female","Blended",7.2,94.9,2.11,56,68.5
"S109","Karaganda No.9","Rural","Female","Traditional",6.2,96.1,2.88,58.7,53.8
"S110","Astana No.7","Urban","Female","Traditional",6.2,81.8,3.57,71.3,88.8
"S111","Almaty No.12","Urban","Male","Flipped",8.2,85,3.95,58.4,82.1
"S112","Shymkent No.3","Rural","Female","Blended",4.2,86.5,3.83,48.1,75.2
"S113","Shymkent No.3","Rural","Female","Flipped",7.1,85.2,3.56,46.9,82
"S114","Astana No.21","Urban","Male","Flipped",6.6,79.3,2.68,49.7,72.1
"S115","Karaganda No.9","Rural","Female","Flipped",2.8,81.1,3.04,54.6,64.6
"S116","Astana No.7","Urban","Female","Flipped",8.2,100,2.85,36.1,61.2
"S117","Shymkent No.3","Rural","Male","Flipped",7.5,83.9,2.95,47.3,50.3
"S118","Almaty No.12","Rural","Male","Flipped",9.1,84.4,2.7,46.3,62.9
"S119","Almaty No.12","Urban","Male","Flipped",5.1,92.2,2.58,48.7,68.6
"S120","Shymkent No.3","Rural","Male","Flipped",3.8,84.7,2.56,46.4,57.9
"S121","Karaganda No.9","Urban","Male","Blended",12.1,83.5,3.75,34.9,56.9
"S122","Astana No.21","Urban","Male","Traditional",4,81.3,4.02,49.3,56.1
"S123","Shymkent No.3","Rural","Male","Blended",4.4,90.7,3.08,44,57.1
"S124","Almaty No.45","Urban","Male","Flipped",7.1,88.8,3.6,63.8,90.2
"S125","Shymkent No.3","Rural","Female","Traditional",5.1,94.3,3.21,48.2,49.9
"S126","Astana No.7","Urban","Female","Flipped",6.8,85,4.31,55,92.4
"S127","Almaty No.45","Rural","Male","Traditional",3.4,95.3,2.3,47.7,60.1
"S128","Almaty No.12","Rural","Female","Traditional",2.6,88.4,3.21,50.8,55.7
"S129","Almaty No.45","Urban","Female","Blended",4.9,84.3,2.57,52.8,65.8
"S130","Karaganda No.9","Rural","Male","Traditional",7.3,90.3,3.35,49.9,58.3
"S131","Astana No.7","Urban","Male","Blended",5.9,89.6,3.53,51.8,78.3
"S132","Karaganda No.9","Urban","Female","Traditional",8.4,87.4,2.76,40.3,62.9
"S133","Astana No.7","Rural","Female","Flipped",5.5,83,2.93,53,72.5
"S134","Almaty No.12","Urban","Male","Flipped",6.4,86.9,3.3,38.1,63.7
"S135","Almaty No.45","Urban","Female","Blended",4.2,86.4,3.29,53.5,65.5
"S136","Astana No.7","Urban","Male","Flipped",3.1,91.9,2.7,50.5,71.2
"S137","Shymkent No.3","Rural","Female","Traditional",3.6,95.2,4.59,55,49.7
"S138","Shymkent No.3","Rural","Male","Traditional",4.4,92.5,4.15,57.9,60.1
"S139","Shymkent No.3","Rural","Female","Flipped",9.9,92,2.47,62.2,70.1
"S140","Almaty No.45","Urban","Female","Flipped",3.4,94.2,2.95,56.5,73
"S141","Astana No.7","Urban","Female","Traditional",4.2,94.9,3.33,48.8,57
"S142","Astana No.21","Urban","Male","Traditional",8.7,85.2,3.83,51.3,85.4
"S143","Astana No.21","Urban","Male","Traditional",4.7,80.6,3.89,52.6,56.7
"S144","Astana No.7","Urban","Female","Flipped",7.2,88.5,1.69,52.5,77.8
"S145","Almaty No.45","Urban","Female","Blended",1.4,96.6,1.96,58.3,76.2
"S146","Shymkent No.3","Rural","Female","Traditional",4.1,80,3.89,40.2,62.5
"S147","Astana No.21","Rural","Male","Blended",7,81.8,4.11,40.9,63.5
"S148","Karaganda No.9","Urban","Female","Flipped",2.6,87.9,4.14,46,67.8
"S149","Karaganda No.9","Rural","Male","Traditional",6.4,84.2,4.28,49.6,75.4
"S150","Karaganda No.9","Rural","Female","Traditional",6.1,93.5,2.48,56.8,57.7
"S151","Karaganda No.9","Rural","Male","Traditional",4.9,88,3.7,38.3,44.5
"S152","Astana No.21","Urban","Male","Blended",5.4,92.6,2.99,53.6,69.2
"S153","Almaty No.45","Rural","Female","Blended",7.4,89.4,3.56,39.3,55.4
"S154","Almaty No.12","Urban","Female","Blended",5.9,90,3.26,56.8,66.7
"S155","Almaty No.12","Urban","Male","Blended",8,80.5,3.23,54.2,83.2
"S156","Karaganda No.9","Rural","Female","Blended",7.6,83.7,3.16,47.6,60.6
"S157","Almaty No.45","Urban","Male","Flipped",9.1,75.8,4.13,45.8,64.3
"S158","Almaty No.12","Urban","Female","Flipped",5.1,83,2.79,55.3,76.5
"S159","Almaty No.12","Urban","Male","Flipped",6.3,84.3,3.42,69.1,80.2
"S160","Almaty No.45","Rural","Male","Traditional",3.9,89.6,3.23,63.5,62.8
"S161","Karaganda No.9","Rural","Male","Blended",7.2,80.7,3.09,53.6,63
"S162","Almaty No.45","Urban","Female","Flipped",4.6,98.2,2.87,56,77.4
"S163","Almaty No.12","Urban","Male","Traditional",7.2,94.9,4.1,48.3,76.9
"S164","Shymkent No.3","Rural","Male","Blended",5.4,81.5,2.14,52.9,75
"S165","Almaty No.12","Urban","Male","Flipped",5.6,76.6,2.79,53.8,72.2
"S166","Astana No.7","Urban","Male","Blended",6.4,78,2.5,44.2,62.9
"S167","Almaty No.12","Urban","Female","Flipped",4.5,89.4,3.16,56,73.9
"S168","Almaty No.12","Urban","Male","Traditional",4.7,80.2,4.67,63.8,71
"S169","Astana No.7","Rural","Female","Blended",4.7,85.9,2.33,57.4,61.3
"S170","Almaty No.12","Rural","Female","Traditional",4.9,91,3.82,47.5,62.2
"S171","Karaganda No.9","Rural","Male","Flipped",7.2,89.9,4.26,47.2,76.1
"S172","Astana No.21","Urban","Male","Traditional",5.2,92,1.85,38.4,42.2
"S173","Karaganda No.9","Rural","Male","Flipped",4.8,79.9,2.27,53.2,81.4
"S174","Astana No.7","Urban","Female","Flipped",7.6,91.6,3.45,59.3,67.7
"S175","Astana No.21","Urban","Male","Traditional",7.4,91.8,2.84,32.4,49
"S176","Astana No.21","Urban","Male","Traditional",5.7,93.3,3.36,51,55.5
"S177","Astana No.7","Urban","Female","Flipped",10.9,92.6,4.74,52.5,77.3
"S178","Astana No.21","Urban","Male","Blended",3.9,80,3.37,61.3,70.3
"S179","Astana No.21","Urban","Male","Blended",9.2,73,3.57,47.9,79.2
"S180","Karaganda No.9","Rural","Female","Blended",6.5,89.8,3.65,48.9,56.7
"S181","Almaty No.45","Urban","Female","Flipped",8,97.2,3.73,52.9,75.4
"S182","Karaganda No.9","Rural","Male","Blended",5.4,83,2.39,50.9,60.6
"S183","Almaty No.45","Urban","Male","Flipped",8.3,82.9,3.2,48.2,67.9
"S184","Almaty No.45","Urban","Male","Blended",4,88.7,3.24,48.1,58
"S185","Almaty No.45","Urban","Male","Traditional",7.6,94.1,3.42,58.5,66.3
"S186","Karaganda No.9","Rural","Male","Traditional",6.5,92,3.5,51,62.5
"S187","Almaty No.45","Urban","Male","Flipped",7.8,80.6,4.02,48.8,71.4
"S188","Shymkent No.3","Rural","Male","Traditional",5,85,1.65,56.8,73
"S189","Astana No.21","Urban","Female","Traditional",6.8,84.3,4.24,54.6,79.1
"S190","Astana No.21","Urban","Female","Flipped",4.4,91.1,1.87,58.3,66.1
"S191","Almaty No.12","Urban","Male","Traditional",5.3,92.2,3.23,43.7,68.8
"S192","Astana No.21","Urban","Female","Flipped",5.5,82.4,3.26,43.4,71.7
"S193","Almaty No.12","Rural","Female","Traditional",4.8,82.8,2.98,50.9,71.2
"S194","Astana No.21","Urban","Female","Blended",5,89.4,3.21,59.4,73.8
"S195","Shymkent No.3","Rural","Female","Blended",3.5,86.4,2.56,53.9,71.5
"S196","Karaganda No.9","Rural","Male","Blended",5.7,83.1,2.76,48.4,64.9
"S197","Karaganda No.9","Rural","Male","Blended",8.9,85,3.58,62.9,92.4
"S198","Almaty No.45","Urban","Female","Flipped",11.6,91.3,4.13,39.4,73.6
"S199","Shymkent No.3","Urban","Male","Traditional",4.3,85.6,2.59,48.7,58.2
"S200","Astana No.21","Urban","Female","Traditional",4.5,87,3.21,45.1,56.6
"S201","Shymkent No.3","Urban","Male","Flipped",6.6,83,2.81,49.6,83.9
"S202","Shymkent No.3","Rural","Male","Blended",7,91.3,3.02,57.6,88.9
"S203","Astana No.7","Rural","Female","Blended",3.4,84.6,2.73,49.7,52.8
"S204","Almaty No.12","Urban","Female","Flipped",1.4,89.3,2.86,49,70.5
"S205","Shymkent No.3","Urban","Male","Blended",6.5,88.7,3.12,50.5,71.2
"S206","Astana No.21","Urban","Female","Blended",5.9,85.4,3.84,32.3,57.1
"S207","Almaty No.12","Urban","Male","Flipped",8.8,82.7,4.6,60.5,85.9
"S208","Astana No.7","Urban","Male","Traditional",6,87.2,2.94,63,89.3
"S209","Almaty No.12","Urban","Male","Flipped",8.8,85.8,4.4,53.3,82
"S210","Shymkent No.3","Rural","Male","Blended",5.6,93.8,2.39,51.2,63.9
"S211","Astana No.7","Urban","Male","Flipped",3.2,82.6,3.23,47.1,60.7
"S212","Almaty No.12","Rural","Male","Blended",5.7,92.2,3.08,54.6,68.7
"S213","Almaty No.45","Urban","Male","Flipped",8,95,4.78,52,83.3
"S214","Astana No.21","Urban","Female","Flipped",6.2,91.7,2.96,50.9,80.1
"S215","Astana No.21","Urban","Male","Traditional",4.9,92.2,2.57,56,80.3
"S216","Karaganda No.9","Rural","Female","Flipped",6.1,86.2,3.88,46.5,70
"S217","Astana No.7","Urban","Female","Blended",6.7,90.5,3.57,45.7,73.1
"S218","Astana No.21","Rural","Male","Blended",6.3,90.5,3.31,50.2,81.2
"S219","Karaganda No.9","Rural","Male","Flipped",6.6,78.1,1.86,53.3,83.5
"S220","Almaty No.45","Urban","Female","Blended",6.7,85.8,3.57,49.7,65.9
"S221","Almaty No.12","Urban","Male","Traditional",8.1,80.6,3.46,51.4,55.6
"S222","Astana No.21","Rural","Male","Blended",6.2,76.6,3.31,46.3,51.3
"S223","Astana No.21","Urban","Male","Flipped",5.7,87.7,2.72,50.5,56.2
"S224","Astana No.7","Urban","Male","Blended",6.7,90.5,4.11,42.2,65.7
"S225","Astana No.21","Urban","Female","Traditional",7.2,83.9,3.38,58.3,64.6
"S226","Shymkent No.3","Urban","Female","Traditional",2.5,91,2.59,45.9,61
"S227","Shymkent No.3","Rural","Female","Traditional",8.3,91.3,2.61,45.5,56.2
"S228","Almaty No.12","Urban","Female","Blended",9.4,88.5,3.58,53.6,86.4
"S229","Astana No.7","Urban","Female","Traditional",6,84.9,2.57,44.6,63.6
"S230","Almaty No.45","Urban","Female","Flipped",7.2,91.9,4.21,66.3,88
"S231","Astana No.7","Rural","Female","Blended",4.5,98.5,3.16,40.4,62.6
"S232","Almaty No.12","Urban","Female","Traditional",7.3,75.6,3.05,41.5,47.3
"S233","Astana No.7","Urban","Male","Blended",4.3,92.3,2.87,46.4,44.2
"S234","Almaty No.12","Rural","Male","Flipped",6.3,81,4.14,40.4,56.9
"S235","Karaganda No.9","Rural","Male","Flipped",5.9,93,3.46,46.6,75.1
"S236","Astana No.21","Urban","Male","Traditional",4.4,93.9,3.23,52.6,59.3
"S237","Astana No.7","Urban","Male","Flipped",3.8,85.5,4.02,55.5,79.1
"S238","Almaty No.45","Urban","Female","Traditional",5.3,85.4,3.34,51.9,71.4
"S239","Karaganda No.9","Rural","Male","Flipped",4.9,87.9,3.6,48.9,66.5
"S240","Astana No.21","Rural","Male","Blended",5.3,88.7,2.92,43.2,63
"S241","Karaganda No.9","Rural","Female","Traditional",3.8,86.8,2.68,47.8,57.4
"S242","Astana No.21","Urban","Male","Flipped",8.2,94.8,4.03,55.8,81.8
"S243","Karaganda No.9","Rural","Male","Flipped",5.4,78.6,3.11,56.2,60.7
"S244","Karaganda No.9","Rural","Female","Blended",6.9,85,3.56,36.6,65
"S245","Shymkent No.3","Rural","Male","Blended",2.7,91.9,2.72,66.3,78.8
"S246","Astana No.7","Urban","Male","Blended",4.8,86.3,3.05,40.7,62.2
"S247","Shymkent No.3","Rural","Male","Flipped",9.2,86.5,3.58,45,65.3
"S248","Almaty No.45","Urban","Male","Traditional",4.2,86.2,2.18,60,58.1
"S249","Karaganda No.9","Rural","Male","Traditional",6.6,93.7,4.08,51.4,72.6
"S250","Almaty No.45","Urban","Male","Blended",10.2,92.2,3.44,45.3,65.4
"S251","Almaty No.12","Urban","Female","Flipped",6,80,2.5,47.2,63.1
"S252","Almaty No.12","Urban","Female","Blended",9,81.2,3.69,44.4,66.9
"S253","Astana No.7","Urban","Male","Traditional",4.2,85.5,2.57,34.6,48.2
"S254","Astana No.21","Rural","Female","Traditional",5,87.2,3.84,55.6,69.7
"S255","Almaty No.45","Rural","Female","Blended",5.9,93.4,3.59,49.5,63.5
"S256","Shymkent No.3","Rural","Female","Flipped",4.9,87.3,2.71,53.4,56.5
"S257","Almaty No.45","Urban","Female","Blended",6.7,95.9,2.78,57.5,76.5
"S258","Astana No.7","Urban","Male","Traditional",2.4,99.2,3.11,57.1,65.9
"S259","Astana No.7","Rural","Female","Traditional",3.9,82.8,2.5,68.2,75.6
"S260","Astana No.21","Urban","Female","Blended",8.6,89,2.76,54.9,80.5
"S261","Almaty No.45","Urban","Female","Traditional",6.2,94.2,2.25,51.4,79.7
"S262","Karaganda No.9","Rural","Male","Blended",7,89.4,3.78,50.8,73.7
"S263","Karaganda No.9","Rural","Female","Traditional",9.3,90.1,2.75,54.1,60.1
"S264","Shymkent No.3","Rural","Male","Flipped",2.5,85.3,2.02,54.7,68.8
"S265","Astana No.21","Urban","Female","Flipped",1,84.7,2.93,54.6,72.8
"S266","Shymkent No.3","Urban","Female","Flipped",9.5,89.3,4.19,67.5,87.4
"S267","Astana No.7","Urban","Male","Traditional",3.2,94,2.13,45.2,69
"S268","Karaganda No.9","Rural","Male","Flipped",6.1,81.7,2.87,40.1,55.4
"S269","Almaty No.12","Rural","Male","Flipped",2.7,87.2,3.34,30.2,39.2
"S270","Almaty No.45","Urban","Female","Traditional",1,98.9,2.64,52.4,45.4
"S271","Astana No.7","Rural","Male","Flipped",5.8,86.9,2.91,56.9,68.8
"S272","Astana No.21","Urban","Male","Traditional",6.9,89.1,3.23,38.1,52.9
"S273","Shymkent No.3","Rural","Male","Traditional",4.3,92.9,3.23,52.9,58.4
"S274","Shymkent No.3","Rural","Male","Blended",1,91.5,1.86,53.2,44.8
"S275","Karaganda No.9","Rural","Male","Flipped",6.6,87.1,2.69,57.4,77.5
"S276","Karaganda No.9","Rural","Male","Blended",9.7,86.8,4.41,44.7,76.4
"S277","Karaganda No.9","Rural","Male","Flipped",2.5,97.2,3.78,54.5,64.9
"S278","Astana No.7","Rural","Male","Flipped",7.5,82.4,3.97,47.8,70.8
"S279","Shymkent No.3","Rural","Male","Blended",6.5,80,3.18,44.7,55.6
"S280","Shymkent No.3","Rural","Male","Blended",2.2,94.8,2.29,48.4,54.5
"S281","Astana No.21","Urban","Male","Blended",8,95.7,3.53,42.3,78.5
"S282","Astana No.21","Rural","Male","Blended",6.3,82.3,3.89,52.1,70.3
"S283","Astana No.21","Rural","Male","Traditional",5.7,93.4,3.93,48.6,70
"S284","Astana No.7","Urban","Female","Blended",8.5,90.3,3.57,48.3,89.1
"S285","Almaty No.12","Rural","Female","Traditional",6,87.5,3.46,45.6,60.8
"S286","Almaty No.12","Rural","Female","Blended",8.5,88.8,2.71,39.9,65.1
"S287","Almaty No.12","Urban","Female","Blended",5.9,99.3,3.87,51.4,84
"S288","Astana No.7","Urban","Male","Flipped",6.4,92.7,4.15,56.9,92.1
"S289","Astana No.7","Urban","Male","Flipped",6.8,91.8,3.25,57.4,87.1
"S290","Karaganda No.9","Rural","Female","Flipped",4.8,91.4,3.33,52.2,61.9
"S291","Almaty No.45","Urban","Male","Traditional",9,84.7,4.19,58.8,71
"S292","Almaty No.45","Urban","Female","Flipped",3.5,86.4,3.37,39.9,67.3
"S293","Almaty No.12","Urban","Male","Flipped",5,87.4,3.13,48.3,71.7
"S294","Almaty No.12","Urban","Female","Flipped",5.9,83,2.87,44.8,73.7
"S295","Astana No.21","Urban","Male","Blended",5.6,91.4,1.87,44,68.9
"S296","Astana No.7","Urban","Male","Flipped",4.6,95.2,2.33,44.9,60.3
"S297","Astana No.21","Urban","Male","Traditional",7.8,87.7,3.28,50.4,70.5
"S298","Almaty No.12","Urban","Female","Blended",5.4,83.4,3.56,43.5,68.5
"S299","Shymkent No.3","Rural","Male","Blended",1.7,83.5,2.74,46.7,48.4
"S300","Almaty No.45","Urban","Male","Flipped",8.3,97.8,4.23,45.9,61.7
